<?xml version="1.0"?>
<argon>
	<settings>
		<ule_path>mc0:/BOOT/ULE.ELF</ule_path>
	</settings>
	<movies>
		<!--
		<folder>mass:</folder>
		<folder>host:</folder>
		-->
	</movies>
	<music>
		<folder>mass:</folder>
	</music>
	<photo>
		<folder>mass:</folder>
	</photo>
	<radio>
		<favorites>
			<station_record>
				<station>Drone Zone on SomaFM</station>
				<station_url_record>
					<url>http://64.236.34.4:80/stream/1032</url>
					<bandwidth_kbps>56</bandwidth_kbps>
				</station_url_record>
			</station_record>
		</favorites>
	</radio>
	<weather>
		<location>
			<name>Moscow, Russia</name>
			<id>RSXX0063</id>
		</location>
		<location>
			<name>Kaliningrad, Russia</name>
			<id>RSXX0040</id>
		</location>
	</weather>
</argon>
