<window>
	<defaultcontrol>100</defaultcontrol>
	<controls>

		<control>
			<description>background image</description>
			<type>image</type>
			<posX>0</posX>
			<posY>0</posY>
			<width>640</width>
			<height>512</height>
			<texture>background.png</texture>
		</control>	

		<control>
			<description>My Files image</description>
			<type>image</type>
			<posX>50</posX>
			<posY>20</posY>
			<width>64</width>
			<height>64</height>
			<texture>myfiles.png</texture>
		</control>

		<control>
			<description>My Files Label</description>
			<type>label</type>
			<posX>120</posX>
			<posY>60</posY>
			<label>3</label>
			<textcolor>0x80FFFFFF</textcolor>
			<font>arial_10</font>
		</control>

		<control>
			<description>Sort Name Button</description>
			<type>button</type>
			<id>100</id>
			<posX>50</posX>
			<posY>140</posY>
			<width>200</width>
			<height>20</height>
			<texturefocus>select.png</texturefocus>
			<texturenofocus>blank.png</texturenofocus>
			<texturewidth>20</texturewidth>
			<textureheight>20</textureheight>
			<texturealign>left</texturealign>
			<label>10</label>
			<textcolor>0x80FFFFFF</textcolor>
			<selectedcolor>0x8000FF00</selectedcolor>
			<font>arial_10</font>
			<ondown>101</ondown>
			<onright>110</onright>
			<onup>1</onup>
		</control>

		<control>
			<description>Sort Size Button</description>
			<type>button</type>
			<id>101</id>
			<posX>50</posX>
			<posY>160</posY>
			<width>200</width>
			<height>20</height>
			<texturefocus>select.png</texturefocus>
			<texturenofocus>blank.png</texturenofocus>
			<texturewidth>20</texturewidth>
			<textureheight>20</textureheight>
			<texturealign>left</texturealign>
			<label>11</label>
			<textcolor>0x80FFFFFF</textcolor>
			<selectedcolor>0x8000FF00</selectedcolor>
			<font>arial_10</font>
			<onup>100</onup>
			<ondown>102</ondown>
			<onright>110</onright>
		</control>

		<control>
			<description>Sort Type button</description>
			<type>button</type>
			<id>102</id>
			<posX>50</posX>
			<posY>180</posY>
			<width>200</width>
			<height>20</height>
			<texturefocus>select.png</texturefocus>
			<texturenofocus>blank.png</texturenofocus>
			<texturewidth>20</texturewidth>
			<textureheight>20</textureheight>
			<texturealign>left</texturealign>
			<label>12</label>
			<textcolor>0x80FFFFFF</textcolor>
			<selectedcolor>0x8000FF00</selectedcolor>
			<font>arial_10</font>
			<onup>101</onup>
			<ondown>103</ondown>
			<onright>110</onright>
		</control>

		<control>
			<description>New Folder button</description>
			<type>button</type>
			<id>103</id>
			<posX>50</posX>
			<posY>200</posY>
			<width>200</width>
			<height>20</height>
			<texturefocus>select.png</texturefocus>
			<texturenofocus>blank.png</texturenofocus>
			<texturewidth>20</texturewidth>
			<textureheight>20</textureheight>
			<texturealign>left</texturealign>
			<label>20</label>
			<textcolor>0x80FFFFFF</textcolor>
			<selectedcolor>0x8000FF00</selectedcolor>
			<disabledcolor>0x40FFFFFF</disabledcolor>
			<font>arial_10</font>
			<onup>102</onup>
			<ondown>104</ondown>
			<onright>110</onright>
		</control>

		<control>
			<description>Select All button</description>
			<type>button</type>
			<id>104</id>
			<posX>50</posX>
			<posY>220</posY>
			<width>200</width>
			<height>20</height>
			<texturefocus>select.png</texturefocus>
			<texturenofocus>blank.png</texturenofocus>
			<texturewidth>20</texturewidth>
			<textureheight>20</textureheight>
			<texturealign>left</texturealign>
			<label>21</label>
			<textcolor>0x80FFFFFF</textcolor>
			<selectedcolor>0x8000FF00</selectedcolor>
			<disabledcolor>0x40FFFFFF</disabledcolor>
			<font>arial_10</font>
			<onup>103</onup>
			<ondown>105</ondown>
			<onright>110</onright>
		</control>

		<control>
			<description>Delete button</description>
			<type>button</type>
			<id>105</id>
			<posX>50</posX>
			<posY>260</posY>
			<width>200</width>
			<height>20</height>
			<texturefocus>select.png</texturefocus>
			<texturenofocus>blank.png</texturenofocus>
			<texturewidth>20</texturewidth>
			<textureheight>20</textureheight>
			<texturealign>left</texturealign>
			<label>22</label>
			<textcolor>0x80FFFFFF</textcolor>
			<selectedcolor>0x8000FF00</selectedcolor>
			<disabledcolor>0x40FFFFFF</disabledcolor>
			<font>arial_10</font>
			<onup>104</onup>
			<ondown>106</ondown>
			<onright>110</onright>
		</control>

		<control>
			<description>Rename button</description>
			<type>button</type>
			<id>106</id>
			<posX>50</posX>
			<posY>280</posY>
			<width>200</width>
			<height>20</height>
			<texturefocus>select.png</texturefocus>
			<texturenofocus>blank.png</texturenofocus>
			<texturewidth>20</texturewidth>
			<textureheight>20</textureheight>
			<texturealign>left</texturealign>
			<label>23</label>
			<textcolor>0x80FFFFFF</textcolor>
			<selectedcolor>0x8000FF00</selectedcolor>
			<disabledcolor>0x40FFFFFF</disabledcolor>
			<font>arial_10</font>
			<onup>105</onup>
			<ondown>107</ondown>
			<onright>110</onright>
		</control>

		<control>
			<description>Copy button</description>
			<type>button</type>
			<id>107</id>
			<posX>50</posX>
			<posY>300</posY>
			<width>200</width>
			<height>20</height>
			<texturefocus>select.png</texturefocus>
			<texturenofocus>blank.png</texturenofocus>
			<texturewidth>20</texturewidth>
			<textureheight>20</textureheight>
			<texturealign>left</texturealign>
			<label>24</label>
			<textcolor>0x80FFFFFF</textcolor>
			<selectedcolor>0x8000FF00</selectedcolor>
			<disabledcolor>0x40FFFFFF</disabledcolor>
			<font>arial_10</font>
			<onup>106</onup>
			<ondown>108</ondown>
			<onright>110</onright>
		</control>

		<control>
			<description>Start button</description>
			<type>button</type>
			<id>108</id>
			<posX>50</posX>
			<posY>320</posY>
			<width>200</width>
			<height>20</height>
			<texturefocus>select.png</texturefocus>
			<texturenofocus>blank.png</texturenofocus>
			<texturewidth>20</texturewidth>
			<textureheight>20</textureheight>
			<texturealign>left</texturealign>
			<label>26</label>
			<textcolor>0x80FFFFFF</textcolor>
			<selectedcolor>0x8000FF00</selectedcolor>
			<disabledcolor>0x40FFFFFF</disabledcolor>
			<font>arial_10</font>
			<onup>107</onup>
			<ondown>1</ondown>
			<onright>110</onright>
		</control>

		<control>
			<description>Go back button</description>
			<type>button</type>
			<id>1</id>
			<posX>50</posX>
			<posY>360</posY>
			<width>200</width>
			<height>20</height>
			<texturefocus>select.png</texturefocus>
			<texturenofocus>blank.png</texturenofocus>
			<texturewidth>20</texturewidth>
			<textureheight>20</textureheight>
			<texturealign>left</texturealign>
			<label>13</label>
			<textcolor>0x80FFFFFF</textcolor>
			<selectedcolor>0x8000FF00</selectedcolor>
			<font>arial_10</font>
			<onup>108</onup>
			<onright>110</onright>
			<ondown>100</ondown>
		</control>

		<control>
			<description>File Selection List</description>
			<id>110</id>
			<type>dirview</type>
			<posX>220</posX>
			<posY>140</posY>
			<width>400</width>
			<height>300</height>
			<texture>list_nofocus.png</texture>
			<texturefocus>list_focus.png</texturefocus>
			<texturemarked>list_marked.png</texturemarked>
			<textcolor>0x80FFFFFF</textcolor>
			<selectedcolor>0x8000FF00</selectedcolor>
			<markedcolor>0x80FF00FF</markedcolor>
			<itemheight>20</itemheight>
			<padding>2</padding>
			<textoffset>2</textoffset>
			<font>arial_10</font>
			<texturedown>scrolldown.png</texturedown>
			<scrolldownposx>380</scrolldownposx>
			<scrolldownposy>285</scrolldownposy>
			<textureup>scrollup.png</textureup>
			<scrollupposx>360</scrollupposx>
			<scrollupposy>285</scrollupposy>
			<onleft>100</onleft>
		</control>

		<control>
			<description>music icon</description>
			<id>5</id>
			<type>image</type>
			<posX>80</posX>
			<posY>420</posY>
			<width>32</width>
			<height>32</height>
			<texture>music.png</texture>
		</control>

		<control>
			<description>mp3 time label</description>
			<id>2</id>
			<type>label</type>
			<posX>75</posX>
			<posY>460</posY>
			<width>80</width>
			<textcolor>0x80FFFFFF</textcolor>
			<font>arial_10</font>
		</control>
	
	</controls>
</window>