<window>
	<defaultcontrol>100</defaultcontrol>
	<controls>

		<control>
			<description>background image</description>
			<type>image</type>
			<posX>0</posX>
			<posY>0</posY>
			<width>640</width>
			<height>512</height>
			<texture>background.png</texture>
		</control>

		<control>
			<description>radio image</description>
			<type>image</type>
			<posX>50</posX>
			<posY>20</posY>
			<width>64</width>
			<height>64</height>
			<texture>radio.png</texture>
		</control>

		<control>
			<description>Radio Label</description>
			<type>label</type>
			<posX>120</posX>
			<posY>60</posY>
			<label>44</label>
			<textcolor>0x80FFFFFF</textcolor>
			<font>arial_10</font>
		</control>

		<control>
			<description>Download List Button</description>
			<type>button</type>
			<id>100</id>
			<posX>50</posX>
			<posY>140</posY>
			<width>200</width>
			<height>20</height>
			<texturefocus>select.png</texturefocus>
			<texturenofocus>blank.png</texturenofocus>
			<texturewidth>20</texturewidth>
			<textureheight>20</textureheight>
			<texturealign>left</texturealign>
			<label>45</label>
			<textcolor>0x80FFFFFF</textcolor>
			<selectedcolor>0x8000FF00</selectedcolor>
			<font>arial_10</font>
			<ondown>101</ondown>
			<onright>107</onright>
			<onup>1</onup>
		</control>

		<control>
			<description>Sort By Name Button</description>
			<type>button</type>
			<id>101</id>
			<posX>50</posX>
			<posY>160</posY>
			<width>200</width>
			<height>20</height>
			<texturefocus>select.png</texturefocus>
			<texturenofocus>blank.png</texturenofocus>
			<texturewidth>20</texturewidth>
			<textureheight>20</textureheight>
			<texturealign>left</texturealign>
			<label>10</label>
			<textcolor>0x80FFFFFF</textcolor>
			<selectedcolor>0x8000FF00</selectedcolor>
			<font>arial_10</font>
			<onup>100</onup>
			<ondown>102</ondown>
			<onright>107</onright>
		</control>

		<control>
			<description>Sort by Genre Button</description>
			<type>button</type>
			<id>102</id>
			<posX>50</posX>
			<posY>180</posY>
			<width>200</width>
			<height>20</height>
			<texturefocus>select.png</texturefocus>
			<texturenofocus>blank.png</texturenofocus>
			<texturewidth>20</texturewidth>
			<textureheight>20</textureheight>
			<texturealign>left</texturealign>
			<label>46</label>
			<textcolor>0x80FFFFFF</textcolor>
			<selectedcolor>0x8000FF00</selectedcolor>
			<font>arial_10</font>
			<onup>101</onup>
			<ondown>103</ondown>
			<onright>107</onright>
		</control>

		<control>
			<description>Sort by Bitrate Button</description>
			<type>button</type>
			<id>103</id>
			<posX>50</posX>
			<posY>200</posY>
			<width>200</width>
			<height>20</height>
			<texturefocus>select.png</texturefocus>
			<texturenofocus>blank.png</texturenofocus>
			<texturewidth>20</texturewidth>
			<textureheight>20</textureheight>
			<texturealign>left</texturealign>
			<label>47</label>
			<textcolor>0x80FFFFFF</textcolor>
			<selectedcolor>0x8000FF00</selectedcolor>
			<font>arial_10</font>
			<onup>102</onup>
			<ondown>104</ondown>
			<onright>107</onright>
		</control>

		<control>
			<description>Sort by Listeners Button</description>
			<type>button</type>
			<id>104</id>
			<posX>50</posX>
			<posY>220</posY>
			<width>200</width>
			<height>20</height>
			<texturefocus>select.png</texturefocus>
			<texturenofocus>blank.png</texturenofocus>
			<texturewidth>20</texturewidth>
			<textureheight>20</textureheight>
			<texturealign>left</texturealign>
			<label>48</label>
			<textcolor>0x80FFFFFF</textcolor>
			<selectedcolor>0x8000FF00</selectedcolor>
			<font>arial_10</font>
			<onup>103</onup>
			<ondown>105</ondown>
			<onright>107</onright>
		</control>

		<control>
			<description>Bookmarks Togglebutton</description>
			<type>togglebutton</type>
			<id>105</id>
			<posX>50</posX>
			<posY>240</posY>
			<width>200</width>
			<height>20</height>
			<texturefocus>select.png</texturefocus>
			<texturenofocus>blank.png</texturenofocus>
			<texturewidth>20</texturewidth>
			<textureheight>20</textureheight>
			<texturealign>left</texturealign>
			<alttexturefocus>select.png</alttexturefocus>
			<alttexturenofocus>toggled_on.png</alttexturenofocus>
			<label>49</label>
			<textcolor>0x80FFFFFF</textcolor>
			<selectedcolor>0x8000FF00</selectedcolor>
			<font>arial_10</font>
			<onup>104</onup>
			<ondown>1</ondown>
			<onright>107</onright>
		</control>

		<control>
			<description>Go Back Button</description>
			<type>button</type>
			<id>1</id>
			<posX>50</posX>
			<posY>260</posY>
			<width>200</width>
			<height>20</height>
			<texturefocus>select.png</texturefocus>
			<texturenofocus>blank.png</texturenofocus>
			<texturewidth>20</texturewidth>
			<textureheight>20</textureheight>
			<texturealign>left</texturealign>
			<label>13</label>
			<textcolor>0x80FFFFFF</textcolor>
			<selectedcolor>0x8000FF00</selectedcolor>
			<font>arial_10</font>
			<onup>105</onup>
			<ondown>100</ondown>
			<onright>107</onright>
		</control>

		<control>
			<description>Selection List</description>
			<id>107</id>
			<type>list</type>
			<posX>220</posX>
			<posY>140</posY>
			<width>400</width>
			<height>300</height>
			<texture>list_nofocus.png</texture>
			<texturefocus>list_focus.png</texturefocus>
			<texturemarked>list_marked.png</texturemarked>
			<textcolor>0x80FFFFFF</textcolor>
			<selectedcolor>0x8000FF00</selectedcolor>
			<markedcolor>0x80FF00FF</markedcolor>
			<itemheight>20</itemheight>
			<padding>2</padding>
			<textoffset>2</textoffset>
			<font>arial_10</font>
			<texturedown>scrolldown.png</texturedown>
			<scrolldownposx>380</scrolldownposx>
			<scrolldownposy>295</scrolldownposy>
			<textureup>scrollup.png</textureup>
			<scrollupposx>360</scrollupposx>
			<scrollupposy>295</scrollupposy>
			<onleft>100</onleft>
		</control>

		<control>
			<type>label</type>
			<posX>220</posX>
			<posY>460</posY>
			<width>80</width>
			<textcolor>0x80FFFFFF</textcolor>
			<label>50</label>
			<font>arial_10</font>
		</control>

		<control>
			<description>status label</description>
			<id>108</id>
			<type>label</type>
			<posX>300</posX>
			<posY>460</posY>
			<width>340</width>
			<textcolor>0x80FFFFFF</textcolor>
			<font>arial_10</font>
		</control>

		<control>
			<description>music icon</description>
			<id>5</id>
			<type>image</type>
			<posX>80</posX>
			<posY>420</posY>
			<width>32</width>
			<height>32</height>
			<texture>music.png</texture>
		</control>

		<control>
			<description>mp3 time label</description>
			<id>2</id>
			<type>label</type>
			<posX>75</posX>
			<posY>460</posY>
			<width>80</width>
			<textcolor>0x80FFFFFF</textcolor>
			<font>arial_10</font>
		</control>

	</controls>
</window>
