<window>
	<defaultcontrol>100</defaultcontrol>
	<controls>
		<control>
			<description>dialog background</description>
			<type>image</type>
			<posX>140</posX>
			<posY>160</posY>
			<width>384</width>
			<height>192</height>
			<texture>dialog_background.png</texture>
		</control>

		<control>
			<description>dialog caption</description>
			<type>label</type>
			<posX>145</posX>
			<posY>165</posY>
			<width>350</width>
			<label>141</label>
			<textcolor>0x80FFFFFF</textcolor>
			<font>arial_10</font>
		</control>

		<control>
			<type>label</type>
			<posX>145</posX>
			<posY>210</posY>
			<width>370</width>
			<label>142</label>
			<textcolor>0x80FFFFFF</textcolor>
			<font>arial_10</font>
			<align>center</align>
		</control>

		<control>
			<description>partition size slider</description>
			<type>slider</type>
			<id>100</id>
			<posX>235</posX>
			<posY>240</posY>
			<width>200</width>
			<height>20</height>
			<texturebg>slider.png</texturebg>
			<textureslidernib>nib.png</textureslidernib>
			<textureslidernibfocus>nib_focus.png</textureslidernibfocus>
			<ondown>102</ondown>
		</control>

		<control>
			<description>partition size label</description>
			<type>label</type>
			<id>101</id>
			<posX>145</posX>
			<posY>260</posY>
			<width>370</width>
			<textcolor>0x80FFFFFF</textcolor>
			<font>arial_10</font>
			<align>center</align>
		</control>

		<control>
			<description>Cancel Button</description>
			<type>button</type>
			<id>102</id>
			<posX>180</posX>
			<posY>300</posY>
			<width>200</width>
			<height>20</height>
			<texturefocus>select.png</texturefocus>
			<texturenofocus>blank.png</texturenofocus>
			<texturewidth>20</texturewidth>
			<textureheight>20</textureheight>
			<texturealign>left</texturealign>
			<label>36</label>
			<textcolor>0x80FFFFFF</textcolor>
			<selectedcolor>0x8000FF00</selectedcolor>
			<font>arial_10</font>
			<onup>100</onup>
			<onright>103</onright>
			<onleft>103</onleft>
		</control>

		<control>
			<description>Create Button</description>
			<type>button</type>
			<id>103</id>
			<posX>310</posX>
			<posY>300</posY>
			<width>200</width>
			<height>20</height>
			<texturefocus>select.png</texturefocus>
			<texturenofocus>blank.png</texturenofocus>
			<texturewidth>20</texturewidth>
			<textureheight>20</textureheight>
			<texturealign>left</texturealign>
			<label>143</label>
			<textcolor>0x80FFFFFF</textcolor>
			<selectedcolor>0x8000FF00</selectedcolor>
			<font>arial_10</font>
			<onup>100</onup>
			<onright>102</onright>
			<onleft>102</onleft>
		</control>

	</controls>
</window>